,ID,age,height(cm),weight(kg),waist(cm),eyesight(left),eyesight(right),hearing(left),hearing(right),systolic,relaxation,fasting blood sugar,Cholesterol,triglyceride,HDL,LDL,hemoglobin,Urine protein,serum creatinine,AST,ALT,Gtp,dental caries,smoking
count,55692.0,55692.0,55692.0,55692.0,55692.0,55692.0,55692.0,55692.0,55692.0,55692.0,55692.0,55692.0,55692.0,55692.0,55692.0,55692.0,55692.0,55692.0,55692.0,55692.0,55692.0,55692.0,55692.0,55692.0
mean,27845.5,44.18291675644617,164.64932126696831,65.86493571787689,82.0464177978884,1.0126229979171157,1.0074427206780148,1.025587157940099,1.026143790849673,121.49421820010055,76.00483013718308,99.312324929972,196.90142210730446,126.66569704804999,57.290346907993964,114.96450118508942,14.622592113768583,1.087211807800043,0.8857376283846872,26.182934712346476,27.036037491919846,39.95220139337786,0.21333405156934568,0.3672879408173526
std,16077.039932773694,12.071417566565014,9.194596912600195,12.820305713000373,9.274222761591174,0.4868732806720139,0.4859644105771522,0.1579015610478954,0.1595642510726883,13.675989280780115,9.679277775163753,20.795591271522497,36.29794042153394,71.63981725861198,14.738962777787856,40.92647644368265,1.5644984369051593,0.40488240235547585,0.2215241416355568,19.355459783718743,30.94785287915845,50.29053881715714,0.409665287119844,0.4820702045859645
min,0.0,20.0,130.0,30.0,51.0,0.1,0.1,1.0,1.0,71.0,40.0,46.0,55.0,8.0,4.0,1.0,4.9,1.0,0.1,6.0,1.0,1.0,0.0,0.0
25%,13922.75,40.0,160.0,55.0,76.0,0.8,0.8,1.0,1.0,112.0,70.0,89.0,172.0,74.0,47.0,92.0,13.6,1.0,0.8,19.0,15.0,17.0,0.0,0.0
50%,27845.5,40.0,165.0,65.0,82.0,1.0,1.0,1.0,1.0,120.0,76.0,96.0,195.0,108.0,55.0,113.0,14.8,1.0,0.9,23.0,21.0,25.0,0.0,0.0
75%,41768.25,55.0,170.0,75.0,88.0,1.2,1.2,1.0,1.0,130.0,82.0,104.0,220.0,160.0,66.0,136.0,15.8,1.0,1.0,28.0,31.0,43.0,0.0,1.0
max,55691.0,85.0,190.0,135.0,129.0,9.9,9.9,2.0,2.0,240.0,146.0,505.0,445.0,999.0,618.0,1860.0,21.1,6.0,11.6,1311.0,2914.0,999.0,1.0,1.0
