,Gender,smoking,Systolic (%) Diff,Relaxation (%) Diff,Fasting Blood Sugar (%) Diff,Cholesterol (%) Diff,Triglyceride (%) Diff,LDL (%) Diff,Hemoglobin (%) Diff,Urine protein,AST (%) Diff,ALT (%) Diff,GTP (%) Diff
0,F,N,-0.32791428277308077,-0.44629410090783067,-1.6402084666115062,0.6740559628530901,2.2998100428591095,0.8431817241622237,-0.04933913091780299,-0.05933224551273855,0.9075715914425594,-0.6379081725074847,-3.9120150032206755
1,F,Y,-1.3146741056979574,-1.5471622607754127,5.836829746481782,-1.876745314145625,2.9767655854612354,-2.064248456089185,-0.06412680586433993,-1.4707605765850185,3.546212241864429,-0.765818032898771,16.465141214853222
2,M,N,-3.564892383035508,-4.43155147836814,-4.485092000856529,-1.0917213523067177,-12.873780434934964,0.27925998521707734,-1.3299795160398384,-1.8004910997170336,-17.717274790401387,-32.411365861527834,-18.105225432810556
3,M,Y,-3.41442951592579,-4.109322453081662,-3.331687147124828,-1.0097282065323778,-6.566714655981354,-1.1766128224205639,-1.3560028149748893,-8.20785491300839,-19.931505846481382,-30.576136388630193,-19.538556212656445
