,Gender,smoking,Systolic (%) Diff,Relaxation (%) Diff,Fasting Blood Sugar (%) Diff,Cholesterol (%) Diff,Triglyceride (%) Diff,LDL (%) Diff,Hemoglobin (%) Diff,Urine protein,AST (%) Diff,ALT (%) Diff,GTP (%) Diff
0,F,N,-4.3038760810931125,-3.6408427623653288,-4.0174859388481154,-2.772032187587065,-20.192801347572793,-7.351983639407983,-1.0030476119335476,0.6250051445312574,-7.371842610299351,-17.565274765328827,-14.29722810672244
1,F,Y,-4.866255391956048,-0.5797932703692514,-5.842502813780247,-3.151176520978174,-10.949061978525803,-11.439347824993336,1.3847625668299401,-4.21994884910487,-5.909825210620729,-4.629819975918478,35.13632434843828
2,M,N,-3.59454287834891,-3.803631510995218,-2.8358469269029825,-7.555498452915319,-26.462099851451338,-14.691778723255236,-2.8023929877234304,-0.26763224181360395,-1.2748007243952546,-25.71004298662638,-15.015983828126833
3,M,Y,-3.4849223191198777,-3.5805657923757437,-1.0837929753610425,-6.960620207817845,-22.014956053629493,-16.083287952239576,-2.2511340001539932,0.0818294936949272,5.761714692880701,-22.493939523419094,12.387503143921805
